patient_id,patient_name,aadhaar_number,age,blood_pressure,heart_rate,oxygen_saturation,blood_sugar,bmi,hemoglobin,platelets,doctor_notes
P-40000,Patient_0,5958-1524-9399,36,128,91,92.8,141,25.8,13.1,244120,"Patient Name: John Doe, Aadhaar: 1234-5678-9012. Admitted with mild fever. Dr. Smith attending."
P-40001,Patient_1,1148-9001-1437,45,138,101,97.3,231,28.0,15.6,197850,"Patient Name: John Doe, Aadhaar: 1234-5678-9012. Admitted with mild fever. Dr. Smith attending."
P-40002,Patient_2,4749-9186-5453,50,101,91,94.3,199,32.0,14.6,154722,"Patient Name: John Doe, Aadhaar: 1234-5678-9012. Admitted with mild fever. Dr. Smith attending."
P-40003,Patient_3,6336-5551-3823,27,99,85,96.6,96,28.8,14.4,429916,"Patient Name: John Doe, Aadhaar: 1234-5678-9012. Admitted with mild fever. Dr. Smith attending."
P-40004,Patient_4,6728-9677-9391,47,144,60,96.7,143,25.2,12.8,154576,"Patient Name: John Doe, Aadhaar: 1234-5678-9012. Admitted with mild fever. Dr. Smith attending."
P-40005,Patient_5,2982-7996-3311,39,90,101,97.7,168,31.2,15.5,307779,"Patient Name: John Doe, Aadhaar: 1234-5678-9012. Admitted with mild fever. Dr. Smith attending."
P-40006,Patient_6,8225-1604-9175,20,138,61,97.9,141,32.5,11.2,191476,"Patient Name: John Doe, Aadhaar: 1234-5678-9012. Admitted with mild fever. Dr. Smith attending."
P-40007,Patient_7,6785-5597-8759,65,125,76,96.1,92,20.4,15.8,398292,"Patient Name: John Doe, Aadhaar: 1234-5678-9012. Admitted with mild fever. Dr. Smith attending."
P-40008,Patient_8,8532-9740-1838,19,110,89,94.6,137,26.7,13.8,436298,"Patient Name: John Doe, Aadhaar: 1234-5678-9012. Admitted with mild fever. Dr. Smith attending."
P-40009,Patient_9,4815-1847-5709,71,126,98,98.6,211,22.9,13.2,429309,"Patient Name: John Doe, Aadhaar: 1234-5678-9012. Admitted with mild fever. Dr. Smith attending."
P-40010,Patient_10,5507-7575-5773,23,113,66,94.4,186,19.2,13.7,164439,"Patient Name: John Doe, Aadhaar: 1234-5678-9012. Admitted with mild fever. Dr. Smith attending."
P-40011,Patient_11,5468-6192-4320,57,144,86,96.0,175,28.9,14.7,194518,"Patient Name: John Doe, Aadhaar: 1234-5678-9012. Admitted with mild fever. Dr. Smith attending."
P-40012,Patient_12,5698-5311-4673,19,114,68,95.2,162,31.9,11.1,369123,"Patient Name: John Doe, Aadhaar: 1234-5678-9012. Admitted with mild fever. Dr. Smith attending."
P-40013,Patient_13,2564-2840-7058,19,96,81,98.8,134,21.0,15.8,176962,"Patient Name: John Doe, Aadhaar: 1234-5678-9012. Admitted with mild fever. Dr. Smith attending."
P-40014,Patient_14,8131-1726-7697,72,113,93,95.4,137,31.1,13.5,389157,"Patient Name: John Doe, Aadhaar: 1234-5678-9012. Admitted with mild fever. Dr. Smith attending."
P-40015,Patient_15,1282-2081-4885,77,100,105,95.1,197,31.7,12.9,449907,"Patient Name: John Doe, Aadhaar: 1234-5678-9012. Admitted with mild fever. Dr. Smith attending."
P-40016,Patient_16,3881-3970-7985,23,101,108,97.4,132,32.7,11.8,266189,"Patient Name: John Doe, Aadhaar: 1234-5678-9012. Admitted with mild fever. Dr. Smith attending."
P-40017,Patient_17,1947-5760-1066,36,124,60,96.8,182,22.6,13.4,260290,"Patient Name: John Doe, Aadhaar: 1234-5678-9012. Admitted with mild fever. Dr. Smith attending."
P-40018,Patient_18,9828-9505-1564,44,152,68,92.8,159,32.5,13.7,431608,"Patient Name: John Doe, Aadhaar: 1234-5678-9012. Admitted with mild fever. Dr. Smith attending."
P-40019,Patient_19,4670-3251-1804,18,157,79,96.0,150,23.5,13.2,273980,"Patient Name: John Doe, Aadhaar: 1234-5678-9012. Admitted with mild fever. Dr. Smith attending."
P-40020,Patient_20,5631-2235-7720,50,146,78,97.8,172,27.1,14.7,377021,"Patient Name: John Doe, Aadhaar: 1234-5678-9012. Admitted with mild fever. Dr. Smith attending."
P-40021,Patient_21,7906-7016-4549,57,102,95,99.8,229,19.3,13.3,314342,"Patient Name: John Doe, Aadhaar: 1234-5678-9012. Admitted with mild fever. Dr. Smith attending."
P-40022,Patient_22,8938-5141-7966,49,112,99,97.0,185,19.2,16.3,192299,"Patient Name: John Doe, Aadhaar: 1234-5678-9012. Admitted with mild fever. Dr. Smith attending."
P-40023,Patient_23,6335-6077-6611,34,128,104,94.9,82,29.7,14.3,366877,"Patient Name: John Doe, Aadhaar: 1234-5678-9012. Admitted with mild fever. Dr. Smith attending."
P-40024,Patient_24,9089-3892-6577,25,101,63,93.8,193,25.4,15.4,181541,"Patient Name: John Doe, Aadhaar: 1234-5678-9012. Admitted with mild fever. Dr. Smith attending."
P-40025,Patient_25,4618-2559-7683,74,123,68,98.9,216,22.5,11.6,373070,"Patient Name: John Doe, Aadhaar: 1234-5678-9012. Admitted with mild fever. Dr. Smith attending."
P-40026,Patient_26,2507-3063-4642,59,120,100,98.4,221,21.5,13.2,279188,"Patient Name: John Doe, Aadhaar: 1234-5678-9012. Admitted with mild fever. Dr. Smith attending."
P-40027,Patient_27,3000-2294-5065,26,151,81,93.8,157,28.9,12.9,358150,"Patient Name: John Doe, Aadhaar: 1234-5678-9012. Admitted with mild fever. Dr. Smith attending."
P-40028,Patient_28,9014-2603-2322,52,102,77,93.6,80,18.5,14.1,441909,"Patient Name: John Doe, Aadhaar: 1234-5678-9012. Admitted with mild fever. Dr. Smith attending."
P-40029,Patient_29,6956-3441-2098,70,120,71,97.6,84,31.0,15.7,435913,"Patient Name: John Doe, Aadhaar: 1234-5678-9012. Admitted with mild fever. Dr. Smith attending."
P-40030,Patient_30,6073-9488-4787,71,91,101,94.5,79,19.7,11.4,369073,"Patient Name: John Doe, Aadhaar: 1234-5678-9012. Admitted with mild fever. Dr. Smith attending."
P-40031,Patient_31,3096-3208-6988,42,104,102,94.4,110,21.5,11.4,170156,"Patient Name: John Doe, Aadhaar: 1234-5678-9012. Admitted with mild fever. Dr. Smith attending."
P-40032,Patient_32,1175-8169-7014,84,146,98,93.2,224,24.5,15.7,366908,"Patient Name: John Doe, Aadhaar: 1234-5678-9012. Admitted with mild fever. Dr. Smith attending."
P-40033,Patient_33,2667-9867-2823,79,123,68,94.1,142,26.0,12.2,294507,"Patient Name: John Doe, Aadhaar: 1234-5678-9012. Admitted with mild fever. Dr. Smith attending."
P-40034,Patient_34,6147-2356-4072,72,157,65,95.4,121,24.0,14.7,350722,"Patient Name: John Doe, Aadhaar: 1234-5678-9012. Admitted with mild fever. Dr. Smith attending."
P-40035,Patient_35,4259-7199-1546,63,118,78,97.8,197,23.5,14.0,327408,"Patient Name: John Doe, Aadhaar: 1234-5678-9012. Admitted with mild fever. Dr. Smith attending."
P-40036,Patient_36,6231-8965-3083,41,155,107,94.7,97,33.4,15.6,223631,"Patient Name: John Doe, Aadhaar: 1234-5678-9012. Admitted with mild fever. Dr. Smith attending."
P-40037,Patient_37,3040-5534-2752,63,105,106,94.6,134,28.4,11.7,219487,"Patient Name: John Doe, Aadhaar: 1234-5678-9012. Admitted with mild fever. Dr. Smith attending."
P-40038,Patient_38,2849-3642-2600,39,128,66,94.3,86,18.9,11.7,392735,"Patient Name: John Doe, Aadhaar: 1234-5678-9012. Admitted with mild fever. Dr. Smith attending."
P-40039,Patient_39,5402-4799-1618,28,126,75,95.8,164,25.2,14.1,345254,"Patient Name: John Doe, Aadhaar: 1234-5678-9012. Admitted with mild fever. Dr. Smith attending."
P-40040,Patient_40,2132-6491-6795,65,110,64,93.4,207,32.1,16.2,201786,"Patient Name: John Doe, Aadhaar: 1234-5678-9012. Admitted with mild fever. Dr. Smith attending."
P-40041,Patient_41,8633-2487-8848,25,133,75,95.8,132,23.2,13.3,218304,"Patient Name: John Doe, Aadhaar: 1234-5678-9012. Admitted with mild fever. Dr. Smith attending."
P-40042,Patient_42,6009-3113-2044,56,108,60,97.6,107,20.0,12.8,327586,"Patient Name: John Doe, Aadhaar: 1234-5678-9012. Admitted with mild fever. Dr. Smith attending."
P-40043,Patient_43,3431-8979-2582,52,97,96,92.2,139,30.3,14.3,270938,"Patient Name: John Doe, Aadhaar: 1234-5678-9012. Admitted with mild fever. Dr. Smith attending."
P-40044,Patient_44,2308-5917-9793,66,155,98,92.1,173,27.9,16.1,205107,"Patient Name: John Doe, Aadhaar: 1234-5678-9012. Admitted with mild fever. Dr. Smith attending."
P-40045,Patient_45,2620-8503-5766,63,130,78,92.6,122,27.3,15.6,395191,"Patient Name: John Doe, Aadhaar: 1234-5678-9012. Admitted with mild fever. Dr. Smith attending."
P-40046,Patient_46,6362-6192-7622,55,159,96,96.2,188,19.3,16.5,282232,"Patient Name: John Doe, Aadhaar: 1234-5678-9012. Admitted with mild fever. Dr. Smith attending."
P-40047,Patient_47,7093-7704-1100,25,150,76,98.8,143,20.7,11.1,222577,"Patient Name: John Doe, Aadhaar: 1234-5678-9012. Admitted with mild fever. Dr. Smith attending."
P-40048,Patient_48,7657-6875-5271,71,115,85,92.0,123,28.1,11.6,365375,"Patient Name: John Doe, Aadhaar: 1234-5678-9012. Admitted with mild fever. Dr. Smith attending."
P-40049,Patient_49,1237-8226-9032,54,159,81,99.4,89,21.7,14.4,410933,"Patient Name: John Doe, Aadhaar: 1234-5678-9012. Admitted with mild fever. Dr. Smith attending."
P-40050,Patient_50,6218-5025-7073,57,118,67,92.8,148,26.3,15.5,254180,"Patient Name: John Doe, Aadhaar: 1234-5678-9012. Admitted with mild fever. Dr. Smith attending."
P-40051,Patient_51,3542-2537-1754,51,155,92,98.7,100,26.9,12.6,432068,"Patient Name: John Doe, Aadhaar: 1234-5678-9012. Admitted with mild fever. Dr. Smith attending."
P-40052,Patient_52,8396-8823-6507,34,108,61,95.8,204,22.9,12.3,294954,"Patient Name: John Doe, Aadhaar: 1234-5678-9012. Admitted with mild fever. Dr. Smith attending."
P-40053,Patient_53,5235-1540-6510,50,157,89,97.2,127,33.2,15.3,361346,"Patient Name: John Doe, Aadhaar: 1234-5678-9012. Admitted with mild fever. Dr. Smith attending."
P-40054,Patient_54,9461-8926-6131,64,147,106,96.0,174,31.6,11.3,151095,"Patient Name: John Doe, Aadhaar: 1234-5678-9012. Admitted with mild fever. Dr. Smith attending."
P-40055,Patient_55,9697-2129-4145,69,159,79,95.8,79,29.7,13.0,322055,"Patient Name: John Doe, Aadhaar: 1234-5678-9012. Admitted with mild fever. Dr. Smith attending."
P-40056,Patient_56,9553-4720-5067,26,146,77,98.6,79,19.7,13.8,164123,"Patient Name: John Doe, Aadhaar: 1234-5678-9012. Admitted with mild fever. Dr. Smith attending."
P-40057,Patient_57,5195-8281-3509,50,126,102,98.0,108,20.1,14.1,347687,"Patient Name: John Doe, Aadhaar: 1234-5678-9012. Admitted with mild fever. Dr. Smith attending."
P-40058,Patient_58,6016-7533-5727,77,150,69,95.8,225,26.1,15.0,201999,"Patient Name: John Doe, Aadhaar: 1234-5678-9012. Admitted with mild fever. Dr. Smith attending."
P-40059,Patient_59,1681-4932-6560,38,119,83,92.9,227,21.0,13.0,443297,"Patient Name: John Doe, Aadhaar: 1234-5678-9012. Admitted with mild fever. Dr. Smith attending."
P-40060,Patient_60,5016-8339-1719,75,114,63,92.9,106,33.7,14.4,430488,"Patient Name: John Doe, Aadhaar: 1234-5678-9012. Admitted with mild fever. Dr. Smith attending."
P-40061,Patient_61,1074-5157-9511,27,154,96,98.3,188,21.0,14.2,380849,"Patient Name: John Doe, Aadhaar: 1234-5678-9012. Admitted with mild fever. Dr. Smith attending."
P-40062,Patient_62,3149-7713-5207,23,95,63,96.2,136,26.1,14.0,187656,"Patient Name: John Doe, Aadhaar: 1234-5678-9012. Admitted with mild fever. Dr. Smith attending."
P-40063,Patient_63,8141-9652-4936,30,107,72,95.8,112,24.1,14.5,351587,"Patient Name: John Doe, Aadhaar: 1234-5678-9012. Admitted with mild fever. Dr. Smith attending."
P-40064,Patient_64,2075-4876-5615,82,99,84,97.4,121,28.4,12.4,410587,"Patient Name: John Doe, Aadhaar: 1234-5678-9012. Admitted with mild fever. Dr. Smith attending."
P-40065,Patient_65,8265-7379-5652,37,100,72,98.8,170,20.5,11.5,413356,"Patient Name: John Doe, Aadhaar: 1234-5678-9012. Admitted with mild fever. Dr. Smith attending."
P-40066,Patient_66,7792-8456-5674,74,154,77,97.0,125,25.2,11.7,270385,"Patient Name: John Doe, Aadhaar: 1234-5678-9012. Admitted with mild fever. Dr. Smith attending."
P-40067,Patient_67,1541-3161-3251,63,154,83,98.0,145,22.8,12.2,290073,"Patient Name: John Doe, Aadhaar: 1234-5678-9012. Admitted with mild fever. Dr. Smith attending."
P-40068,Patient_68,5569-3744-7041,25,141,61,98.0,137,32.3,13.8,228784,"Patient Name: John Doe, Aadhaar: 1234-5678-9012. Admitted with mild fever. Dr. Smith attending."
P-40069,Patient_69,5675-2560-2164,27,156,107,94.8,206,19.1,15.6,181368,"Patient Name: John Doe, Aadhaar: 1234-5678-9012. Admitted with mild fever. Dr. Smith attending."
P-40070,Patient_70,6419-3722-1470,84,120,92,94.2,175,32.7,14.9,351891,"Patient Name: John Doe, Aadhaar: 1234-5678-9012. Admitted with mild fever. Dr. Smith attending."
P-40071,Patient_71,2468-8925-1808,28,106,78,98.3,194,31.4,15.3,211160,"Patient Name: John Doe, Aadhaar: 1234-5678-9012. Admitted with mild fever. Dr. Smith attending."
P-40072,Patient_72,9363-7719-6073,29,144,68,95.0,161,23.1,12.9,306926,"Patient Name: John Doe, Aadhaar: 1234-5678-9012. Admitted with mild fever. Dr. Smith attending."
P-40073,Patient_73,9012-2645-9249,27,125,87,99.1,92,30.7,13.2,422859,"Patient Name: John Doe, Aadhaar: 1234-5678-9012. Admitted with mild fever. Dr. Smith attending."
P-40074,Patient_74,2129-2353-1767,42,115,94,92.6,178,19.0,13.2,208784,"Patient Name: John Doe, Aadhaar: 1234-5678-9012. Admitted with mild fever. Dr. Smith attending."
P-40075,Patient_75,4895-9874-4454,66,142,98,92.5,130,33.5,12.1,176797,"Patient Name: John Doe, Aadhaar: 1234-5678-9012. Admitted with mild fever. Dr. Smith attending."
P-40076,Patient_76,8329-2790-1885,66,106,69,99.3,237,26.7,11.3,164780,"Patient Name: John Doe, Aadhaar: 1234-5678-9012. Admitted with mild fever. Dr. Smith attending."
P-40077,Patient_77,8734-4906-5492,28,114,60,97.1,113,23.2,14.3,187905,"Patient Name: John Doe, Aadhaar: 1234-5678-9012. Admitted with mild fever. Dr. Smith attending."
P-40078,Patient_78,3073-1312-7269,79,91,101,95.0,221,24.1,16.4,266049,"Patient Name: John Doe, Aadhaar: 1234-5678-9012. Admitted with mild fever. Dr. Smith attending."
P-40079,Patient_79,6317-1810-7841,53,94,80,98.0,230,19.5,11.9,279651,"Patient Name: John Doe, Aadhaar: 1234-5678-9012. Admitted with mild fever. Dr. Smith attending."
P-40080,Patient_80,3032-8129-3705,56,93,68,97.3,85,33.8,11.3,183359,"Patient Name: John Doe, Aadhaar: 1234-5678-9012. Admitted with mild fever. Dr. Smith attending."
P-40081,Patient_81,9788-3147-1615,70,125,106,96.2,91,19.1,15.3,223391,"Patient Name: John Doe, Aadhaar: 1234-5678-9012. Admitted with mild fever. Dr. Smith attending."
P-40082,Patient_82,1947-6677-5651,73,95,74,92.8,126,28.7,12.4,249596,"Patient Name: John Doe, Aadhaar: 1234-5678-9012. Admitted with mild fever. Dr. Smith attending."
P-40083,Patient_83,8866-3013-4697,18,110,94,98.4,131,25.4,15.6,397414,"Patient Name: John Doe, Aadhaar: 1234-5678-9012. Admitted with mild fever. Dr. Smith attending."
P-40084,Patient_84,1490-5350-3428,73,115,64,98.8,176,33.2,14.9,428715,"Patient Name: John Doe, Aadhaar: 1234-5678-9012. Admitted with mild fever. Dr. Smith attending."
P-40085,Patient_85,5987-9733-5920,21,144,100,93.4,140,22.3,16.2,300214,"Patient Name: John Doe, Aadhaar: 1234-5678-9012. Admitted with mild fever. Dr. Smith attending."
P-40086,Patient_86,3926-8282-5376,47,128,81,98.7,159,26.7,13.2,437248,"Patient Name: John Doe, Aadhaar: 1234-5678-9012. Admitted with mild fever. Dr. Smith attending."
P-40087,Patient_87,5868-7986-7862,29,122,100,98.9,141,26.0,14.6,158625,"Patient Name: John Doe, Aadhaar: 1234-5678-9012. Admitted with mild fever. Dr. Smith attending."
P-40088,Patient_88,5423-7870-9159,52,103,82,96.3,139,29.4,13.6,443362,"Patient Name: John Doe, Aadhaar: 1234-5678-9012. Admitted with mild fever. Dr. Smith attending."
P-40089,Patient_89,3073-7170-1701,69,145,66,97.2,99,19.6,14.5,325544,"Patient Name: John Doe, Aadhaar: 1234-5678-9012. Admitted with mild fever. Dr. Smith attending."
P-40090,Patient_90,9113-7825-8867,48,110,82,95.0,172,21.5,13.5,273182,"Patient Name: John Doe, Aadhaar: 1234-5678-9012. Admitted with mild fever. Dr. Smith attending."
P-40091,Patient_91,5264-8968-9146,69,135,103,94.2,220,21.8,12.0,170566,"Patient Name: John Doe, Aadhaar: 1234-5678-9012. Admitted with mild fever. Dr. Smith attending."
P-40092,Patient_92,8776-9558-9719,24,105,84,97.7,101,29.9,13.8,183205,"Patient Name: John Doe, Aadhaar: 1234-5678-9012. Admitted with mild fever. Dr. Smith attending."
P-40093,Patient_93,5886-4935-5619,39,105,86,98.8,155,21.4,13.9,259084,"Patient Name: John Doe, Aadhaar: 1234-5678-9012. Admitted with mild fever. Dr. Smith attending."
P-40094,Patient_94,6191-7875-8856,73,118,100,97.2,126,27.4,15.5,179717,"Patient Name: John Doe, Aadhaar: 1234-5678-9012. Admitted with mild fever. Dr. Smith attending."
P-40095,Patient_95,6401-4022-6738,75,97,65,96.0,178,21.8,15.0,331056,"Patient Name: John Doe, Aadhaar: 1234-5678-9012. Admitted with mild fever. Dr. Smith attending."
P-40096,Patient_96,6984-2770-9989,81,92,93,93.3,78,31.9,14.7,309236,"Patient Name: John Doe, Aadhaar: 1234-5678-9012. Admitted with mild fever. Dr. Smith attending."
P-40097,Patient_97,4215-7694-3976,29,108,68,92.4,100,33.1,11.6,170169,"Patient Name: John Doe, Aadhaar: 1234-5678-9012. Admitted with mild fever. Dr. Smith attending."
P-40098,Patient_98,4737-1752-2392,24,155,108,95.5,140,26.5,15.0,433748,"Patient Name: John Doe, Aadhaar: 1234-5678-9012. Admitted with mild fever. Dr. Smith attending."
P-40099,Patient_99,7789-1677-1105,72,111,92,92.4,206,24.0,13.8,278140,"Patient Name: John Doe, Aadhaar: 1234-5678-9012. Admitted with mild fever. Dr. Smith attending."
P-40100,Patient_100,5753-2946-6544,79,135,65,96.5,82,22.1,15.9,252537,"Patient Name: John Doe, Aadhaar: 1234-5678-9012. Admitted with mild fever. Dr. Smith attending."
P-40101,Patient_101,2095-7985-2782,72,102,96,95.0,200,19.3,16.1,396337,"Patient Name: John Doe, Aadhaar: 1234-5678-9012. Admitted with mild fever. Dr. Smith attending."
P-40102,Patient_102,5541-4257-7213,53,122,90,98.0,104,22.7,11.3,261301,"Patient Name: John Doe, Aadhaar: 1234-5678-9012. Admitted with mild fever. Dr. Smith attending."
P-40103,Patient_103,5869-2561-5006,41,94,93,94.4,90,28.6,15.5,420151,"Patient Name: John Doe, Aadhaar: 1234-5678-9012. Admitted with mild fever. Dr. Smith attending."
P-40104,Patient_104,4981-6682-6782,61,116,100,96.7,133,26.8,11.2,381704,"Patient Name: John Doe, Aadhaar: 1234-5678-9012. Admitted with mild fever. Dr. Smith attending."
P-40105,Patient_105,1943-5550-1600,34,113,88,96.2,164,33.1,13.0,267419,"Patient Name: John Doe, Aadhaar: 1234-5678-9012. Admitted with mild fever. Dr. Smith attending."
P-40106,Patient_106,7376-2524-4766,19,156,73,92.0,103,24.6,14.0,355863,"Patient Name: John Doe, Aadhaar: 1234-5678-9012. Admitted with mild fever. Dr. Smith attending."
P-40107,Patient_107,1250-1078-4123,30,152,95,92.6,190,29.3,11.8,378870,"Patient Name: John Doe, Aadhaar: 1234-5678-9012. Admitted with mild fever. Dr. Smith attending."
P-40108,Patient_108,8064-9417-2209,48,137,95,94.3,232,26.1,15.1,417926,"Patient Name: John Doe, Aadhaar: 1234-5678-9012. Admitted with mild fever. Dr. Smith attending."
P-40109,Patient_109,6153-5898-3178,45,152,74,99.0,84,26.4,11.0,216770,"Patient Name: John Doe, Aadhaar: 1234-5678-9012. Admitted with mild fever. Dr. Smith attending."
P-40110,Patient_110,8610-9895-3544,77,101,67,93.2,189,22.7,11.9,207645,"Patient Name: John Doe, Aadhaar: 1234-5678-9012. Admitted with mild fever. Dr. Smith attending."
P-40111,Patient_111,6522-3370-4281,44,117,85,97.6,165,25.6,14.2,253509,"Patient Name: John Doe, Aadhaar: 1234-5678-9012. Admitted with mild fever. Dr. Smith attending."
P-40112,Patient_112,5710-1328-6579,32,133,95,99.7,75,25.8,14.9,380796,"Patient Name: John Doe, Aadhaar: 1234-5678-9012. Admitted with mild fever. Dr. Smith attending."
P-40113,Patient_113,5228-7794-1120,50,132,107,98.2,178,29.5,16.0,441348,"Patient Name: John Doe, Aadhaar: 1234-5678-9012. Admitted with mild fever. Dr. Smith attending."
P-40114,Patient_114,7749-1964-5224,37,106,80,93.9,166,33.1,14.9,167152,"Patient Name: John Doe, Aadhaar: 1234-5678-9012. Admitted with mild fever. Dr. Smith attending."
P-40115,Patient_115,4675-6694-3076,59,129,87,99.2,101,23.6,14.7,388972,"Patient Name: John Doe, Aadhaar: 1234-5678-9012. Admitted with mild fever. Dr. Smith attending."
P-40116,Patient_116,7865-6643-9524,29,138,63,92.7,152,19.2,13.2,366096,"Patient Name: John Doe, Aadhaar: 1234-5678-9012. Admitted with mild fever. Dr. Smith attending."
P-40117,Patient_117,6249-2316-2196,40,146,75,95.7,225,26.2,11.0,383731,"Patient Name: John Doe, Aadhaar: 1234-5678-9012. Admitted with mild fever. Dr. Smith attending."
P-40118,Patient_118,4170-1355-1028,31,153,81,99.0,187,26.9,11.7,431833,"Patient Name: John Doe, Aadhaar: 1234-5678-9012. Admitted with mild fever. Dr. Smith attending."
P-40119,Patient_119,2013-3024-9490,42,146,71,97.1,148,21.1,13.9,331762,"Patient Name: John Doe, Aadhaar: 1234-5678-9012. Admitted with mild fever. Dr. Smith attending."
P-40120,Patient_120,6839-6791-1754,48,159,75,95.3,147,30.3,14.7,338392,"Patient Name: John Doe, Aadhaar: 1234-5678-9012. Admitted with mild fever. Dr. Smith attending."
P-40121,Patient_121,9961-4735-2238,71,132,99,94.3,216,33.8,13.3,337163,"Patient Name: John Doe, Aadhaar: 1234-5678-9012. Admitted with mild fever. Dr. Smith attending."
P-40122,Patient_122,2906-8399-8961,22,112,97,95.0,176,33.2,15.0,188712,"Patient Name: John Doe, Aadhaar: 1234-5678-9012. Admitted with mild fever. Dr. Smith attending."
P-40123,Patient_123,5601-2460-8669,30,116,101,96.0,195,21.6,13.9,407387,"Patient Name: John Doe, Aadhaar: 1234-5678-9012. Admitted with mild fever. Dr. Smith attending."
P-40124,Patient_124,2416-8766-2428,45,147,96,94.5,84,32.1,11.4,386502,"Patient Name: John Doe, Aadhaar: 1234-5678-9012. Admitted with mild fever. Dr. Smith attending."
P-40125,Patient_125,5378-8529-5474,60,126,88,99.7,203,29.4,12.1,346349,"Patient Name: John Doe, Aadhaar: 1234-5678-9012. Admitted with mild fever. Dr. Smith attending."
P-40126,Patient_126,4071-1555-9547,64,95,77,99.4,142,25.5,15.6,170478,"Patient Name: John Doe, Aadhaar: 1234-5678-9012. Admitted with mild fever. Dr. Smith attending."
P-40127,Patient_127,2563-2040-3686,55,154,69,98.9,170,26.9,15.0,172551,"Patient Name: John Doe, Aadhaar: 1234-5678-9012. Admitted with mild fever. Dr. Smith attending."
P-40128,Patient_128,3553-2779-1075,84,95,101,95.3,167,31.7,15.9,198068,"Patient Name: John Doe, Aadhaar: 1234-5678-9012. Admitted with mild fever. Dr. Smith attending."
P-40129,Patient_129,5326-6835-6057,79,139,98,97.5,235,25.9,11.6,243608,"Patient Name: John Doe, Aadhaar: 1234-5678-9012. Admitted with mild fever. Dr. Smith attending."
P-40130,Patient_130,3349-3773-3262,56,111,77,99.1,95,24.3,16.4,185561,"Patient Name: John Doe, Aadhaar: 1234-5678-9012. Admitted with mild fever. Dr. Smith attending."
P-40131,Patient_131,4229-1392-2108,54,114,60,98.7,161,26.1,12.2,283964,"Patient Name: John Doe, Aadhaar: 1234-5678-9012. Admitted with mild fever. Dr. Smith attending."
P-40132,Patient_132,5362-6188-9802,25,140,98,95.3,194,27.5,11.1,436539,"Patient Name: John Doe, Aadhaar: 1234-5678-9012. Admitted with mild fever. Dr. Smith attending."
P-40133,Patient_133,6057-4998-9864,69,137,80,92.9,142,21.4,16.5,168756,"Patient Name: John Doe, Aadhaar: 1234-5678-9012. Admitted with mild fever. Dr. Smith attending."
P-40134,Patient_134,7566-4677-6796,50,159,60,92.6,192,32.5,12.5,397652,"Patient Name: John Doe, Aadhaar: 1234-5678-9012. Admitted with mild fever. Dr. Smith attending."
P-40135,Patient_135,7363-9123-9222,59,154,74,96.6,122,28.9,14.7,401227,"Patient Name: John Doe, Aadhaar: 1234-5678-9012. Admitted with mild fever. Dr. Smith attending."
P-40136,Patient_136,8690-2400-5071,44,149,63,97.1,147,28.3,12.0,330378,"Patient Name: John Doe, Aadhaar: 1234-5678-9012. Admitted with mild fever. Dr. Smith attending."
P-40137,Patient_137,9808-3786-8169,25,135,79,98.7,161,20.0,14.2,302418,"Patient Name: John Doe, Aadhaar: 1234-5678-9012. Admitted with mild fever. Dr. Smith attending."
P-40138,Patient_138,1870-5196-3739,40,125,69,94.3,157,27.9,16.0,440168,"Patient Name: John Doe, Aadhaar: 1234-5678-9012. Admitted with mild fever. Dr. Smith attending."
P-40139,Patient_139,1940-1340-8422,81,147,82,93.3,82,20.4,12.8,376022,"Patient Name: John Doe, Aadhaar: 1234-5678-9012. Admitted with mild fever. Dr. Smith attending."
P-40140,Patient_140,5133-1659-4457,37,127,100,95.0,112,19.7,14.7,155947,"Patient Name: John Doe, Aadhaar: 1234-5678-9012. Admitted with mild fever. Dr. Smith attending."
P-40141,Patient_141,3975-1453-9184,33,100,93,94.8,145,26.7,12.0,277192,"Patient Name: John Doe, Aadhaar: 1234-5678-9012. Admitted with mild fever. Dr. Smith attending."
P-40142,Patient_142,6442-1818-5868,34,101,105,93.0,120,24.7,14.4,407591,"Patient Name: John Doe, Aadhaar: 1234-5678-9012. Admitted with mild fever. Dr. Smith attending."
P-40143,Patient_143,1012-8727-1920,36,131,107,97.3,88,27.6,12.9,408492,"Patient Name: John Doe, Aadhaar: 1234-5678-9012. Admitted with mild fever. Dr. Smith attending."
P-40144,Patient_144,5920-3418-7475,25,128,92,96.0,218,19.9,12.2,388826,"Patient Name: John Doe, Aadhaar: 1234-5678-9012. Admitted with mild fever. Dr. Smith attending."
P-40145,Patient_145,3017-8957-5792,55,100,93,97.7,191,25.2,12.7,294490,"Patient Name: John Doe, Aadhaar: 1234-5678-9012. Admitted with mild fever. Dr. Smith attending."
P-40146,Patient_146,7830-3434-3868,55,125,98,94.8,93,21.2,12.0,376494,"Patient Name: John Doe, Aadhaar: 1234-5678-9012. Admitted with mild fever. Dr. Smith attending."
P-40147,Patient_147,2438-4543-2781,70,141,69,94.6,95,33.8,16.0,381391,"Patient Name: John Doe, Aadhaar: 1234-5678-9012. Admitted with mild fever. Dr. Smith attending."
P-40148,Patient_148,7343-3263-1211,48,120,79,95.7,225,27.2,13.2,336256,"Patient Name: John Doe, Aadhaar: 1234-5678-9012. Admitted with mild fever. Dr. Smith attending."
P-40149,Patient_149,9699-7159-8027,61,122,60,98.9,189,29.2,12.3,395318,"Patient Name: John Doe, Aadhaar: 1234-5678-9012. Admitted with mild fever. Dr. Smith attending."
P-40150,Patient_150,1331-7860-9044,77,102,72,92.3,151,23.5,13.5,322905,"Patient Name: John Doe, Aadhaar: 1234-5678-9012. Admitted with mild fever. Dr. Smith attending."
P-40151,Patient_151,9169-9742-6720,34,107,60,98.4,169,20.0,12.8,168402,"Patient Name: John Doe, Aadhaar: 1234-5678-9012. Admitted with mild fever. Dr. Smith attending."
P-40152,Patient_152,1727-5975-4243,56,130,64,94.9,226,33.6,15.1,323917,"Patient Name: John Doe, Aadhaar: 1234-5678-9012. Admitted with mild fever. Dr. Smith attending."
P-40153,Patient_153,1648-6095-7614,59,147,75,98.8,86,22.9,16.3,225851,"Patient Name: John Doe, Aadhaar: 1234-5678-9012. Admitted with mild fever. Dr. Smith attending."
P-40154,Patient_154,8135-2009-2550,65,145,74,98.3,137,25.1,13.4,162834,"Patient Name: John Doe, Aadhaar: 1234-5678-9012. Admitted with mild fever. Dr. Smith attending."
P-40155,Patient_155,9995-8492-4401,29,113,108,94.8,113,28.6,15.7,217850,"Patient Name: John Doe, Aadhaar: 1234-5678-9012. Admitted with mild fever. Dr. Smith attending."
P-40156,Patient_156,8447-6424-5241,35,120,87,97.5,130,18.9,14.1,187180,"Patient Name: John Doe, Aadhaar: 1234-5678-9012. Admitted with mild fever. Dr. Smith attending."
P-40157,Patient_157,4161-5155-8478,23,144,90,93.3,192,31.1,11.9,259688,"Patient Name: John Doe, Aadhaar: 1234-5678-9012. Admitted with mild fever. Dr. Smith attending."
P-40158,Patient_158,9719-7617-6660,60,99,82,99.1,162,26.8,14.8,356659,"Patient Name: John Doe, Aadhaar: 1234-5678-9012. Admitted with mild fever. Dr. Smith attending."
P-40159,Patient_159,9624-2176-8956,52,149,107,95.2,143,22.8,13.8,423839,"Patient Name: John Doe, Aadhaar: 1234-5678-9012. Admitted with mild fever. Dr. Smith attending."
P-40160,Patient_160,9592-3233-5700,71,91,104,95.6,222,19.5,14.6,277135,"Patient Name: John Doe, Aadhaar: 1234-5678-9012. Admitted with mild fever. Dr. Smith attending."
P-40161,Patient_161,6906-8860-8526,79,104,102,97.6,136,21.0,15.9,304195,"Patient Name: John Doe, Aadhaar: 1234-5678-9012. Admitted with mild fever. Dr. Smith attending."
P-40162,Patient_162,6559-7732-3513,33,92,76,98.5,180,32.4,13.4,208481,"Patient Name: John Doe, Aadhaar: 1234-5678-9012. Admitted with mild fever. Dr. Smith attending."
P-40163,Patient_163,8830-7944-8910,25,132,108,93.9,71,29.1,16.0,223438,"Patient Name: John Doe, Aadhaar: 1234-5678-9012. Admitted with mild fever. Dr. Smith attending."
P-40164,Patient_164,6649-2096-2951,48,120,93,97.2,158,22.4,15.1,261491,"Patient Name: John Doe, Aadhaar: 1234-5678-9012. Admitted with mild fever. Dr. Smith attending."
P-40165,Patient_165,8799-9804-1595,27,159,72,95.1,95,19.5,13.7,271844,"Patient Name: John Doe, Aadhaar: 1234-5678-9012. Admitted with mild fever. Dr. Smith attending."
P-40166,Patient_166,8875-5439-6972,73,156,73,94.9,168,29.2,14.3,206494,"Patient Name: John Doe, Aadhaar: 1234-5678-9012. Admitted with mild fever. Dr. Smith attending."
P-40167,Patient_167,1858-6519-8385,37,145,70,97.5,96,27.4,12.8,357167,"Patient Name: John Doe, Aadhaar: 1234-5678-9012. Admitted with mild fever. Dr. Smith attending."
P-40168,Patient_168,9636-5317-4454,22,152,87,95.1,158,24.8,16.4,204672,"Patient Name: John Doe, Aadhaar: 1234-5678-9012. Admitted with mild fever. Dr. Smith attending."
P-40169,Patient_169,2030-8906-2447,40,104,101,94.7,215,24.1,14.7,211821,"Patient Name: John Doe, Aadhaar: 1234-5678-9012. Admitted with mild fever. Dr. Smith attending."
P-40170,Patient_170,3850-9106-8151,26,99,91,98.6,70,21.9,11.2,219224,"Patient Name: John Doe, Aadhaar: 1234-5678-9012. Admitted with mild fever. Dr. Smith attending."
P-40171,Patient_171,7952-5055-6402,75,127,94,92.8,172,28.9,12.8,384745,"Patient Name: John Doe, Aadhaar: 1234-5678-9012. Admitted with mild fever. Dr. Smith attending."
P-40172,Patient_172,2672-5532-5924,76,136,90,97.3,200,33.5,14.4,204796,"Patient Name: John Doe, Aadhaar: 1234-5678-9012. Admitted with mild fever. Dr. Smith attending."
P-40173,Patient_173,7085-8734-5864,71,146,76,94.0,110,21.2,11.3,278554,"Patient Name: John Doe, Aadhaar: 1234-5678-9012. Admitted with mild fever. Dr. Smith attending."
P-40174,Patient_174,2221-3860-9428,63,139,106,92.1,234,27.8,11.1,416167,"Patient Name: John Doe, Aadhaar: 1234-5678-9012. Admitted with mild fever. Dr. Smith attending."
P-40175,Patient_175,4253-4782-7957,39,104,68,93.3,120,25.1,13.5,395358,"Patient Name: John Doe, Aadhaar: 1234-5678-9012. Admitted with mild fever. Dr. Smith attending."
P-40176,Patient_176,1766-3681-8710,81,107,69,96.8,84,25.4,12.8,363708,"Patient Name: John Doe, Aadhaar: 1234-5678-9012. Admitted with mild fever. Dr. Smith attending."
P-40177,Patient_177,8482-6086-8964,25,91,67,97.6,77,22.4,13.4,317807,"Patient Name: John Doe, Aadhaar: 1234-5678-9012. Admitted with mild fever. Dr. Smith attending."
P-40178,Patient_178,3665-4513-1495,37,132,80,92.2,107,31.3,12.4,189218,"Patient Name: John Doe, Aadhaar: 1234-5678-9012. Admitted with mild fever. Dr. Smith attending."
P-40179,Patient_179,6822-3072-8795,68,115,72,92.3,183,26.0,11.9,379766,"Patient Name: John Doe, Aadhaar: 1234-5678-9012. Admitted with mild fever. Dr. Smith attending."
P-40180,Patient_180,9529-4949-7033,56,127,109,99.1,152,26.9,14.8,440604,"Patient Name: John Doe, Aadhaar: 1234-5678-9012. Admitted with mild fever. Dr. Smith attending."
P-40181,Patient_181,9328-3555-7370,54,131,64,92.6,125,23.2,13.8,181017,"Patient Name: John Doe, Aadhaar: 1234-5678-9012. Admitted with mild fever. Dr. Smith attending."
P-40182,Patient_182,5415-6959-6993,67,94,65,99.1,172,21.3,12.1,169515,"Patient Name: John Doe, Aadhaar: 1234-5678-9012. Admitted with mild fever. Dr. Smith attending."
P-40183,Patient_183,6021-3907-3914,51,100,89,93.8,207,19.8,12.8,358106,"Patient Name: John Doe, Aadhaar: 1234-5678-9012. Admitted with mild fever. Dr. Smith attending."
P-40184,Patient_184,4870-6085-7546,50,154,90,97.8,171,29.6,14.3,445145,"Patient Name: John Doe, Aadhaar: 1234-5678-9012. Admitted with mild fever. Dr. Smith attending."
P-40185,Patient_185,1395-1938-3510,48,123,76,94.4,147,21.5,11.4,151391,"Patient Name: John Doe, Aadhaar: 1234-5678-9012. Admitted with mild fever. Dr. Smith attending."
P-40186,Patient_186,5636-2649-4690,71,90,70,98.8,238,29.2,11.8,346278,"Patient Name: John Doe, Aadhaar: 1234-5678-9012. Admitted with mild fever. Dr. Smith attending."
P-40187,Patient_187,4435-4201-5179,61,91,79,97.5,152,24.6,11.4,259388,"Patient Name: John Doe, Aadhaar: 1234-5678-9012. Admitted with mild fever. Dr. Smith attending."
P-40188,Patient_188,9405-4237-4862,51,109,107,95.2,99,24.9,15.5,229720,"Patient Name: John Doe, Aadhaar: 1234-5678-9012. Admitted with mild fever. Dr. Smith attending."
P-40189,Patient_189,1058-5938-3971,79,150,68,92.6,74,25.8,15.1,439258,"Patient Name: John Doe, Aadhaar: 1234-5678-9012. Admitted with mild fever. Dr. Smith attending."
P-40190,Patient_190,9314-4345-3486,40,110,61,97.8,188,24.2,15.1,292954,"Patient Name: John Doe, Aadhaar: 1234-5678-9012. Admitted with mild fever. Dr. Smith attending."
P-40191,Patient_191,1561-4981-7261,63,157,96,96.9,100,20.1,14.9,298345,"Patient Name: John Doe, Aadhaar: 1234-5678-9012. Admitted with mild fever. Dr. Smith attending."
P-40192,Patient_192,2737-4554-8095,73,101,60,92.0,92,23.3,14.7,195647,"Patient Name: John Doe, Aadhaar: 1234-5678-9012. Admitted with mild fever. Dr. Smith attending."
P-40193,Patient_193,9266-1294-9212,24,111,63,92.1,117,28.8,13.6,345964,"Patient Name: John Doe, Aadhaar: 1234-5678-9012. Admitted with mild fever. Dr. Smith attending."
P-40194,Patient_194,6330-5655-2109,78,109,95,98.4,178,28.8,14.5,192679,"Patient Name: John Doe, Aadhaar: 1234-5678-9012. Admitted with mild fever. Dr. Smith attending."
P-40195,Patient_195,4771-9563-7123,20,90,84,94.0,109,22.9,11.2,412571,"Patient Name: John Doe, Aadhaar: 1234-5678-9012. Admitted with mild fever. Dr. Smith attending."
P-40196,Patient_196,8647-2174-2164,55,119,62,97.0,75,25.6,14.4,378024,"Patient Name: John Doe, Aadhaar: 1234-5678-9012. Admitted with mild fever. Dr. Smith attending."
P-40197,Patient_197,9712-5466-6538,51,113,68,95.6,107,21.5,15.3,216267,"Patient Name: John Doe, Aadhaar: 1234-5678-9012. Admitted with mild fever. Dr. Smith attending."
P-40198,Patient_198,8111-9434-3800,61,103,81,98.8,238,21.8,13.8,150799,"Patient Name: John Doe, Aadhaar: 1234-5678-9012. Admitted with mild fever. Dr. Smith attending."
P-40199,Patient_199,5607-8262-2541,47,125,82,99.2,169,18.9,13.0,157025,"Patient Name: John Doe, Aadhaar: 1234-5678-9012. Admitted with mild fever. Dr. Smith attending."
P-40200,Patient_200,3765-5491-4083,34,158,71,99.9,96,32.4,12.5,164481,"Patient Name: John Doe, Aadhaar: 1234-5678-9012. Admitted with mild fever. Dr. Smith attending."
P-40201,Patient_201,6356-2857-1769,76,113,69,93.2,138,21.8,14.5,437555,"Patient Name: John Doe, Aadhaar: 1234-5678-9012. Admitted with mild fever. Dr. Smith attending."
P-40202,Patient_202,2422-9598-3972,27,149,93,98.8,126,22.0,14.8,377966,"Patient Name: John Doe, Aadhaar: 1234-5678-9012. Admitted with mild fever. Dr. Smith attending."
P-40203,Patient_203,2872-6599-3269,35,144,102,94.1,86,22.8,15.8,255928,"Patient Name: John Doe, Aadhaar: 1234-5678-9012. Admitted with mild fever. Dr. Smith attending."
P-40204,Patient_204,6275-5749-7571,62,113,69,96.7,140,20.5,12.9,273014,"Patient Name: John Doe, Aadhaar: 1234-5678-9012. Admitted with mild fever. Dr. Smith attending."
P-40205,Patient_205,6072-6463-8450,76,113,89,96.0,116,28.4,15.2,201690,"Patient Name: John Doe, Aadhaar: 1234-5678-9012. Admitted with mild fever. Dr. Smith attending."
P-40206,Patient_206,9420-4959-2313,79,143,81,92.1,148,19.7,14.1,202870,"Patient Name: John Doe, Aadhaar: 1234-5678-9012. Admitted with mild fever. Dr. Smith attending."
P-40207,Patient_207,8847-2070-4285,76,115,65,99.4,179,20.6,15.9,317207,"Patient Name: John Doe, Aadhaar: 1234-5678-9012. Admitted with mild fever. Dr. Smith attending."
P-40208,Patient_208,9949-4095-1320,66,155,109,92.6,82,28.5,13.9,236928,"Patient Name: John Doe, Aadhaar: 1234-5678-9012. Admitted with mild fever. Dr. Smith attending."
P-40209,Patient_209,3321-1555-5939,80,127,61,97.4,208,23.8,13.8,359870,"Patient Name: John Doe, Aadhaar: 1234-5678-9012. Admitted with mild fever. Dr. Smith attending."
P-40210,Patient_210,6432-2386-5763,49,154,89,98.2,193,29.5,14.2,220765,"Patient Name: John Doe, Aadhaar: 1234-5678-9012. Admitted with mild fever. Dr. Smith attending."
P-40211,Patient_211,7854-8637-5841,27,140,61,98.3,178,27.1,15.1,435916,"Patient Name: John Doe, Aadhaar: 1234-5678-9012. Admitted with mild fever. Dr. Smith attending."
P-40212,Patient_212,4867-4793-8373,28,124,91,93.1,159,22.5,16.3,430943,"Patient Name: John Doe, Aadhaar: 1234-5678-9012. Admitted with mild fever. Dr. Smith attending."
P-40213,Patient_213,3513-4803-3327,79,132,101,95.5,155,28.6,11.4,279941,"Patient Name: John Doe, Aadhaar: 1234-5678-9012. Admitted with mild fever. Dr. Smith attending."
P-40214,Patient_214,9809-3165-4308,64,118,75,98.6,161,20.3,11.3,173555,"Patient Name: John Doe, Aadhaar: 1234-5678-9012. Admitted with mild fever. Dr. Smith attending."
P-40215,Patient_215,7452-9067-8642,51,126,71,94.4,93,26.8,16.2,415232,"Patient Name: John Doe, Aadhaar: 1234-5678-9012. Admitted with mild fever. Dr. Smith attending."
P-40216,Patient_216,7404-1992-6424,34,147,60,95.7,142,25.3,13.9,195783,"Patient Name: John Doe, Aadhaar: 1234-5678-9012. Admitted with mild fever. Dr. Smith attending."
P-40217,Patient_217,5381-4174-5782,71,143,67,94.2,73,22.7,14.4,151115,"Patient Name: John Doe, Aadhaar: 1234-5678-9012. Admitted with mild fever. Dr. Smith attending."
P-40218,Patient_218,6560-8460-4078,57,128,107,95.7,182,27.9,13.7,349198,"Patient Name: John Doe, Aadhaar: 1234-5678-9012. Admitted with mild fever. Dr. Smith attending."
P-40219,Patient_219,3983-8259-7054,36,131,109,99.0,115,32.0,11.5,222908,"Patient Name: John Doe, Aadhaar: 1234-5678-9012. Admitted with mild fever. Dr. Smith attending."
P-40220,Patient_220,3523-5581-6609,84,117,72,95.6,87,34.0,15.2,219109,"Patient Name: John Doe, Aadhaar: 1234-5678-9012. Admitted with mild fever. Dr. Smith attending."
P-40221,Patient_221,3001-2387-7552,70,118,74,96.4,112,27.9,15.1,415122,"Patient Name: John Doe, Aadhaar: 1234-5678-9012. Admitted with mild fever. Dr. Smith attending."
P-40222,Patient_222,2030-2220-7035,81,132,103,95.2,230,24.8,12.7,159422,"Patient Name: John Doe, Aadhaar: 1234-5678-9012. Admitted with mild fever. Dr. Smith attending."
P-40223,Patient_223,7523-9074-1834,64,92,67,95.6,162,22.0,12.7,324698,"Patient Name: John Doe, Aadhaar: 1234-5678-9012. Admitted with mild fever. Dr. Smith attending."
P-40224,Patient_224,2724-7598-3413,23,99,69,92.1,172,22.5,15.6,239233,"Patient Name: John Doe, Aadhaar: 1234-5678-9012. Admitted with mild fever. Dr. Smith attending."
P-40225,Patient_225,6993-5498-3105,33,148,105,94.2,193,25.9,11.4,187743,"Patient Name: John Doe, Aadhaar: 1234-5678-9012. Admitted with mild fever. Dr. Smith attending."
P-40226,Patient_226,3568-1209-5911,35,103,64,95.4,79,24.2,15.8,351533,"Patient Name: John Doe, Aadhaar: 1234-5678-9012. Admitted with mild fever. Dr. Smith attending."
P-40227,Patient_227,3220-1233-1792,69,136,109,97.0,142,32.7,12.4,279000,"Patient Name: John Doe, Aadhaar: 1234-5678-9012. Admitted with mild fever. Dr. Smith attending."
P-40228,Patient_228,4110-3166-9526,65,131,78,95.6,100,24.2,14.3,179430,"Patient Name: John Doe, Aadhaar: 1234-5678-9012. Admitted with mild fever. Dr. Smith attending."
P-40229,Patient_229,6193-2214-5419,60,121,106,94.7,225,24.3,16.1,178834,"Patient Name: John Doe, Aadhaar: 1234-5678-9012. Admitted with mild fever. Dr. Smith attending."
